id,first_name,last_name,country
1,Martina,Avila,USA
2,Harlan,Barnes,USA
3,Naomi,Rodriquez,USA
4,Jade,Cunningham,USA
5,Cedric,Leach,USA
6,Carla,Hester,USA
7,Griffin,Rivera,USA
8,Orli,Casey,USA
9,Marny,Obrien,USA
10,Rhonda,Chavez,USA
11,Jerome,Rowe,USA
12,Akeem,Gibson,USA
13,Quin,Smith,USA
14,Tatum,Moon,USA
15,Sharon,Sharpe,USA
16,Thomas,Williams,USA
17,Blaine,Bender,USA
18,Stephen,Lindsey,USA
19,Sloane,Mann,USA
20,Athena,Wolf,USA
21,Blythe,Romero,USA
22,Zelenia,Byers,USA
23,Nola,Wiggins,USA
24,Micah,Wheeler,USA
25,Caryn,Hendrix,USA
26,Hedda,Miranda,USA
27,Ulric,Lynn,USA
28,Alma,Pope,USA
29,Gemma,Hendrix,USA
30,Castor,Wood,USA
31,Herman,Stevenson,USA
32,Adrienne,Bolton,USA
33,Dahlia,Cleveland,USA
34,Keane,Browning,USA
35,Quon,Hull,USA
36,Coby,Charles,USA
37,Amery,Cortez,USA
38,Uriel,Bradshaw,USA
39,Fredericka,Sanders,USA
40,Christopher,Stevens,USA
41,Rachel,Ashley,USA
42,Lael,Wright,USA
43,Ryder,Shaffer,USA
44,Eric,Noel,USA
45,Tamara,Guy,USA
46,Quincy,Bell,USA
47,Lee,Taylor,USA
48,Kenneth,Pope,USA
49,Reese,Vance,USA
50,Quon,Carroll,USA
51,Magee,Davidson,USA
52,Leilani,Gross,USA
53,Morgan,William,USA
54,Francesca,Cervantes,USA
55,Rafael,Peterson,USA
56,Roanna,Knox,USA
57,Marny,Vargas,USA
58,Charlotte,Waller,USA
59,Dorian,Hernandez,USA
60,Armando,Hensley,USA
61,Rowan,Kidd,USA
62,Gwendolyn,Rice,USA
63,Gareth,Morris,USA
64,Sawyer,Carney,USA
65,Raya,Shields,USA
66,Olga,Serrano,USA
67,Yuli,Craig,USA
68,Lev,Kramer,USA
69,Nissim,Acosta,USA
70,Miranda,Berry,USA
71,Owen,Jacobson,USA
72,Marvin,Becker,USA
73,Davis,Scott,USA
74,Matthew,Colon,USA
75,Quinlan,Harris,USA
76,Hedley,Greene,USA
77,Orson,Kirby,USA
78,Adria,Mathis,USA
79,Peter,Stout,USA
80,Cleo,Moore,USA
81,Cally,Montoya,USA
82,Ila,Farrell,USA
83,Abel,Stanton,USA
84,Reed,Roman,USA
85,September,Puckett,USA
86,Teegan,Barr,USA
87,Alexander,York,USA
88,Jared,Green,USA
89,Eagan,Woodward,USA
90,Ferdinand,Weber,USA
91,Kitra,Kerr,USA
92,Desirae,Stone,USA
93,Len,Phillips,USA
94,Yen,Santana,USA
95,Martina,Fuentes,USA
96,Ariana,Nash,USA
97,Glenna,Graham,USA
98,Holmes,Lane,USA
99,Emerald,Hamilton,USA
100,Gage,Marquez,USA
101,Travis,Burks,USA
102,Otto,Oneill,USA
103,Brian,Mathews,USA
104,Ralph,Rich,USA
105,Yasir,Tyler,USA
106,Dominic,Mcintosh,USA
107,Tanner,Ward,USA
108,Wing,Gray,USA
109,Lionel,Mcclure,USA
110,Wing,Parks,USA
111,Oleg,Gordon,USA
112,Jamal,Stephenson,USA
113,Kadeem,Larsen,USA
114,Todd,Maldonado,USA
115,Victor,Yang,USA
116,Quamar,Cummings,USA
117,Dominic,Hughes,USA
118,Lamar,Hensley,USA
119,Solomon,Atkinson,USA
120,Dean,Snider,USA
121,Vernon,Kidd,USA
122,Dolan,Clayton,USA
123,Marvin,Deleon,USA
124,Merrill,Bailey,USA
125,Adrian,Brock,USA
126,Rigel,Craft,USA
127,Chaim,Lewis,USA
128,Kyle,Evans,USA
129,Ulysses,Craig,USA
130,Nolan,Nixon,USA
131,Oren,Rosario,USA
132,Hector,Bowers,USA
133,Tate,Molina,USA
134,Julian,Alexander,USA
135,Lucian,Medina,USA
136,Todd,Bass,USA
137,Mannix,Snow,USA
138,Benedict,Serrano,USA
139,Yoshio,Potter,USA
140,Stone,Koch,USA
141,Elliott,Horne,USA
142,Tanner,Johnson,USA
143,Gabriel,Carson,USA
144,Cain,Love,USA
145,Barry,Larsen,USA
146,Lawrence,Ryan,USA
147,Allen,Burke,USA
148,Nero,Morgan,USA
149,Reuben,Holden,USA
150,Orson,Hyde,USA
151,Nolan,Conner,USA
152,Stuart,Reed,USA
153,Rashad,Harper,USA
154,Dieter,Delaney,USA
155,Hop,Farley,USA
156,Darius,Herring,USA
157,Baker,Saunders,USA
158,Kermit,Fuentes,USA
159,Marvin,Garner,USA
160,Sebastian,Marks,USA
161,Hector,Price,USA
162,Holmes,Irwin,USA
163,Trevor,Faulkner,USA
164,Gannon,Nguyen,USA
165,Quentin,Randall,USA
166,Baker,Norton,USA
167,Hakeem,Mendoza,USA
168,Peter,Maynard,USA
169,Devin,Humphrey,USA
170,Isaiah,Harding,USA
171,Graiden,Powell,USA
172,Chancellor,Padilla,USA
173,Philip,Barnes,USA
174,Cameron,Cash,USA
175,Eric,Green,USA
176,Tanek,Koch,USA
177,Alan,Browning,USA
178,Phelan,Montoya,USA
179,Chancellor,Patel,USA
180,Palmer,Cohen,USA
181,Ahmed,Wright,USA
182,Burton,Carroll,USA
183,Nero,Miranda,USA
184,Ali,Strong,USA
185,Nasim,Ryan,USA
186,August,Duncan,USA
187,Kieran,Gilliam,USA
188,Stone,Hunt,USA
189,Malachi,Henson,USA
190,Seth,Massey,USA
191,Ulric,Robles,USA
192,Gannon,Marquez,USA
193,Marshall,Armstrong,USA
194,Christian,Huffman,USA
195,Gil,Sanders,USA
196,Otto,Thomas,USA
197,Moses,Blackburn,USA
198,Drake,Chen,USA
199,Christian,Hernandez,USA
200,Jelani,F.,USA
201,Tiger,I.,USA
202,Quail,D.,USA
203,Hammett,A.,USA
204,Lamar,V.,USA
205,Abra,D.,USA
206,Vaughan,L.,USA
207,Alfreda,V.,USA
208,Nora,X.,USA
209,Jeanette,Q.,USA
210,Keiko,O.,USA
211,Hector,F.,USA
212,Emerald,R.,USA
213,Cathleen,E.,USA
214,Velma,K.,USA
215,Lael,W.,USA
216,Indigo,P.,USA
217,Quinlan,S.,USA
218,Mariam,I.,USA
219,Pamela,M.,USA
220,Hanna,C.,USA
221,Lynn,S.,USA
222,Laurel,H.,USA
223,Keegan,Q.,USA
224,Shad,K.,USA
225,Harding,E.,USA
226,Indira,A.,USA
227,Bell,K.,USA
228,Cassady,L.,USA
229,Samson,N.,USA
230,Wade,O.,USA
231,Len,B.,USA
232,Emerald,U.,USA
233,Cody,G.,USA
234,Kyle,R.,USA
235,Drake,D.,USA
236,Honorato,M.,USA
237,Tate,C.,USA
238,Zelenia,L.,USA
239,Callum,U.,USA
240,Zane,I.,USA
241,Timothy,J.,USA
242,Zahir,A.,USA
243,Michelle,W.,USA
244,Serena,B.,USA
245,Mark,V.,USA
246,Anjolie,A.,USA
247,Kylee,O.,USA
248,MacKenzie,O.,USA
249,Lana,S.,USA
250,Wilma,L.,USA
251,Sandra,J.,USA
252,Octavius,C.,USA
253,Brendan,G.,USA
254,Shaeleigh,M.,USA
255,Rooney,R.,USA
256,Damon,K.,USA
257,Taylor,A.,USA
258,Lillith,H.,USA
259,Tobias,L.,USA
260,Quincy,Q.,USA
261,Ulysses,X.,USA
262,Jorden,I.,USA
263,Heather,G.,USA
264,Yardley,W.,USA
265,Gray,F.,USA
266,Piper,S.,USA
267,Chester,X.,USA
268,Nathaniel,P.,USA
269,Jennifer,C.,USA
270,Rae,C.,USA
271,Urielle,M.,USA
272,Mechelle,W.,USA
273,Leila,F.,USA
274,Tanisha,H.,USA
275,Hammett,F.,USA
276,Calvin,A.,USA
277,Rachel,H.,USA
278,Solomon,P.,USA
279,Kasimir,Q.,USA
280,Dominic,I.,USA
281,Pascale,I.,USA
282,Nola,L.,USA
283,Clementine,X.,USA
284,Quinlan,U.,USA
285,Odette,Q.,USA
286,Kirestin,F.,USA
287,Colleen,S.,USA
288,Dennis,N.,USA
289,Lester,J.,USA
290,Madeson,R.,USA
291,Abigail,X.,USA
292,Rachel,E.,USA
293,Derek,X.,USA
294,Evangeline,G.,USA
295,Kieran,G.,USA
296,Zenia,H.,USA
297,Michelle,R.,USA
298,Florence,U.,USA
299,Jelani,A.,USA
300,"England,",Abel,USA
301,"Oconnor,",Linus,USA
302,"Herman,",Griffith,USA
303,"Knapp,",Quamar,USA
304,"Chambers,",Avram,USA
305,"Cervantes,",Rylee,USA
306,"Ashley,",Macon,USA
307,"Jimenez,",Joel,USA
308,"Bond,",Caryn,USA
309,"Gross,",Cedric,USA
310,"Dyer,",Aline,USA
311,"Rivers,",Sonya,USA
312,"Frazier,",Kai,USA
313,"Bond,",Nyssa,USA
314,"Rush,",Jarrod,USA
315,"Stephens,",Tanner,USA
316,"Cameron,",Kimberley,USA
317,"Mcdowell,",Victoria,USA
318,"Dalton,",Grant,USA
319,"Gregory,",Reuben,USA
320,"Schultz,",Lee,USA
321,"Wise,",Mechelle,USA
322,"Mcclure,",Avye,USA
323,"Livingston,",Blaze,USA
324,"Fuentes,",Dora,USA
325,"Thompson,",Alvin,USA
326,"Armstrong,",Hedda,USA
327,"Casey,",Sylvia,USA
328,"Shaw,",Rooney,USA
329,"Sexton,",Shaeleigh,USA
330,"Langley,",Skyler,USA
331,"Caldwell,",Yolanda,USA
332,"Olson,",Riley,USA
333,"Irwin,",Dillon,USA
334,"Terry,",Mollie,USA
335,"Hudson,",Maxwell,USA
336,"Levy,",Irma,USA
337,"Brady,",Oscar,USA
338,"Dudley,",Ryder,USA
339,"Morales,",Halla,USA
340,"Holloway,",Brennan,USA
341,"Powers,",Naomi,USA
342,"Armstrong,",Naomi,USA
343,"Flores,",Caldwell,USA
344,"Russo,",Fleur,USA
345,"Reese,",Sylvia,USA
346,"Burke,",Simon,USA
347,"Mayer,",Paki,USA
348,"Bush,",Jessica,USA
349,"West,",April,USA
350,"Levy,",Wesley,USA
351,"Nieves,",Bertha,USA
352,"Patrick,",Merritt,USA
353,"Mcdaniel,",Marcia,USA
354,"Ortiz,",Drew,USA
355,"Oneill,",Tiger,USA
356,"Sims,",Tashya,USA
357,"Lawrence,",Hope,USA
358,"Jenkins,",Hasad,USA
359,"Rodriguez,",Basia,USA
360,"Blair,",Abra,USA
361,"Rosario,",Elijah,USA
362,"Beach,",Victor,USA
363,"Ruiz,",Rafael,USA
364,"Macdonald,",Rahim,USA
365,"Valdez,",Joy,USA
366,"Watson,",Moana,USA
367,"Cote,",Evangeline,USA
368,"Delgado,",Jasper,USA
369,"Hardy,",Hilary,USA
370,"Stafford,",Berk,USA
371,"Daugherty,",Veda,USA
372,"Harmon,",David,USA
373,"Houston,",Grant,USA
374,"Collier,",Xerxes,USA
375,"Lewis,",Jackson,USA
376,"Smith,",Nola,USA
377,"Jensen,",Ebony,USA
378,"Kim,",Claudia,USA
379,"Livingston,",Lucas,USA
380,"Bradford,",Daquan,USA
381,"Park,",Quincy,USA
382,"Dillon,",Lynn,USA
383,"Blackburn,",Joel,USA
384,"Sanders,",Selma,USA
385,"Solis,",Melissa,USA
386,"Holmes,",Ross,USA
387,"Sutton,",Michelle,USA
388,"Munoz,",Kennedy,USA
389,"Little,",Hayley,USA
390,"Church,",Lareina,USA
391,"Wolf,",Tashya,USA
392,"Barr,",Hyatt,USA
393,"Hopper,",Orson,USA
394,"Decker,",Jolie,USA
395,"Chaney,",Reuben,USA
396,"Ross,",Kermit,USA
397,"Hampton,",Venus,USA
398,"Chavez,",Ralph,USA
399,"Whitaker,",Adena,USA
400,Nola,,USA
401,Melodie,,USA
402,Seth,,USA
403,Kyra,,USA
404,Caldwell,,USA
405,Benjamin,,USA
406,Florence,,USA
407,Oleg,,USA
408,Donovan,,USA
409,Blaze,,USA
410,Illana,,USA
411,Yvette,,USA
412,Walter,,USA
413,Dexter,,USA
414,Cameran,,USA
415,Penelope,,USA
416,Hyatt,,USA
417,Stone,,USA
418,Irma,,USA
419,Josiah,,USA
420,Nathan,,USA
421,Stacy,,USA
422,Kane,,USA
423,Reed,,USA
424,Lani,,USA
425,Curran,,USA
426,Rhonda,,USA
427,Leroy,,USA
428,Adrienne,,USA
429,Aileen,,USA
430,Rafael,,USA
431,Olivia,,USA
432,Hiram,,USA
433,Jelani,,USA
434,Madeson,,USA
435,Uriah,,USA
436,Brady,,USA
437,Denise,,USA
438,Lyle,,USA
439,Victor,,USA
440,Demetria,,USA
441,Ora,,USA
442,Trevor,,USA
443,Kristen,,USA
444,Aristotle,,USA
445,Camden,,USA
446,Urielle,,USA
447,Jolene,,USA
448,Holly,,USA
449,Wayne,,USA
450,Judith,,USA
451,Dennis,,USA
452,Kaitlin,,USA
453,Harriet,,USA
454,Tatyana,,USA
455,Paula,,USA
456,Tamekah,,USA
457,Brandon,,USA
458,Veda,,USA
459,Seth,,USA
460,Kai,,USA
461,Piper,,USA
462,Hillary,,USA
463,Francis,,USA
464,Rogan,,USA
465,Kyle,,USA
466,Vaughan,,USA
467,India,,USA
468,Edward,,USA
469,Laurel,,USA
470,Igor,,USA
471,Diana,,USA
472,Todd,,USA
473,Zephania,,USA
474,Brock,,USA
475,Avye,,USA
476,Serena,,USA
477,Barclay,,USA
478,Isabella,,USA
479,Mia,,USA
480,Chester,,USA
481,Isaac,,USA
482,Heather,,USA
483,Justine,,USA
484,Bert,,USA
485,Gil,,USA
486,Dolan,,USA
487,Cheryl,,USA
488,Courtney,,USA
489,Neville,,USA
490,Gloria,,USA
491,Jonah,,USA
492,Merrill,,USA
493,Nolan,,USA
494,Winter,,USA
495,Rigel,,USA
496,Walter,,USA
497,Vanna,,USA
498,Pearl,,USA
499,Nell,,USA
500,Marla,,USA
